Feature,Average Difference
p2_net_pt_won,0.2631519020831912
p1_net_pt_won,0.24368482831844068
p1_unf_err,0.2391299663574914
p2_unf_err,0.23806939681602665
game_victor_2,0.2293109601609102
game_victor_1,0.2220998757894209
p2_ace,0.21262107038606373
p1_ace,0.21180695149218629
p2_net_pt,0.20759404506286183
p1_net_pt,0.20532102511962738
