{"epoch_count": 8, "loss_1": [0.6928406355823679, 0.6916346227695577, 0.6850308226451811, 0.6697475708268753, 0.6345820239098918, 0.645701195838397, 0.5537338045695706, 0.5333512876340543, 0.542326619114472, 0.5226198618788672, 0.49650446444458607, 0.48726686548914894, 0.4769012420301717, 0.5115769179325539, 0.47274088840142914, 0.4722821410102254, 0.4863338362704659, 0.4771510929548779, 0.46278956343180194, 0.46667106289428684, 0.47532270183780684, 0.47219587338281377, 0.46305771351637204, 0.4639033342708594, 0.4736215138280042, 0.4751877000840557, 0.4571034371949951, 0.4785158733688659, 0.47643378823510213, 0.4624484778906701, 0.46755825526745387, 0.473014291315203, 0.4518953855923022, 0.5020960299510521, 0.45572303604419534, 0.45176856428481854, 0.45522076653541105, 0.468292837762289, 0.4525160519618553, 0.4703824758432587, 0.453041390652377, 0.46436906355988317, 0.4595948049513447, 0.4522712742272728, 0.45087361626982303, 0.4603162332641185, 0.44943987716486866, 0.4496052777242971, 0.46461459271100136, 0.46285562649223627, 0.44811975456021896, 0.4509476432000387, 0.4486924362784488, 0.449118466350077, 0.44905091589165047, 0.45098809907607224, 0.4518498277916582, 0.45272408275340204, 0.4461588341657812, 0.44876147816352036], "accuracy_1": [0.600422597086779, 0.602703776149874, 0.6052181450862449, 0.6163511592712775, 0.6433337855028407, 0.6696599044318308, 0.7162594893273779, 0.7410802132531952, 0.75739686817222, 0.7808128615738126, 0.7976807092804862, 0.8087227423144474, 0.8138670028226772, 0.8053369335708866, 0.8259159384798926, 0.8237825193311958, 0.8152122240307277, 0.8154710358439516, 0.8260872700897801, 0.828316923073138, 0.8286027409354716, 0.8315544214815581, 0.8341707882353071, 0.8279379212118515, 0.8219660253594675, 0.8278139873319806, 0.8394181575953766, 0.831219608795371, 0.8327414744839995, 0.8423989667566281, 0.8343873853986349, 0.8301751017570496, 0.8451429928746984, 0.8134431620568329, 0.8415868589078176, 0.8430793778515794, 0.8405358510801769, 0.833603170387908, 0.8442040506131486, 0.8358819509950445, 0.8429454237902203, 0.8408512624544895, 0.8361612786493394, 0.8456633530727039, 0.8458651221730422, 0.8450488734517113, 0.8487023101567446, 0.8484217821580967, 0.8394758861499811, 0.8334783911705017, 0.8456825722700609, 0.8449080568959736, 0.8427086433680904, 0.8475563035919923, 0.8476728696970676, 0.843866514169432, 0.8452237281426545, 0.8465184859615972, 0.8503203978367659, 0.8490385864573116], "loss_2": [0.4478315141670867, 0.4471876223720246, 0.44699733109738227, 0.4458171069524964, 0.4473944235508139, 0.4465962247953353, 0.4479277029099604, 0.4452649201554662, 0.44528973461750665, 0.4449221693731675, 0.44818815729711264, 0.4452916207550403, 0.4447007120043913, 0.44462271743372134, 0.44460586150228393, 0.4433388708565833, 0.44458757200147897, 0.44850011004881285, 0.4442220728249814, 0.44632898164300266, 0.45074491125170496, 0.45273071144031, 0.44752128616412223, 0.4423709790364927, 0.44139012728335414, 0.44132110296903293, 0.4415210134528747, 0.44400034354641693, 0.4449262956842926, 0.4410989935895131, 0.44089249965616467, 0.4416103724159713, 0.43991271957318245, 0.43994023036879126, 0.4414196224088389, 0.44182178086877255, 0.44394514280149916, 0.44294716679894575, 0.44715030049656423, 0.44686721236193216, 0.44335648703846947, 0.44181445804015046, 0.44109353544463553, 0.4402480071064704, 0.4405881122773944, 0.4402029860873952, 0.4404001937335788, 0.4395745522812834, 0.4400042803648629, 0.44110964830807053, 0.4404361590694527, 0.4386993712147983, 0.4391041386884664, 0.43877193506455187, 0.4394353148603284, 0.4393053384382484, 0.4393210456697483, 0.4405754903628694, 0.44223796321437103], "accuracy_2": [0.849336381649738, 0.8496885370548074, 0.8498122107710823, 0.8502443969638029, 0.8499844079103066, 0.8504502549039424, 0.8505217065057847, 0.8519540018483948, 0.8524768407841847, 0.8529953531411261, 0.8518019149668442, 0.853658223190991, 0.8542607952795122, 0.8547013103961945, 0.854967260884928, 0.8555324474646913, 0.8550688296265245, 0.8524879461779268, 0.8551953344663502, 0.854163907346974, 0.851559408809929, 0.8507313350707001, 0.8543568308850453, 0.8568432146640864, 0.8554040145019755, 0.8566764584387553, 0.8570989474217355, 0.8564038799911835, 0.8560516904153731, 0.8576969816941004, 0.8566727212081127, 0.8577669731762976, 0.8577917285190731, 0.8577361604872278, 0.8575779422874947, 0.8575284200499035, 0.8566081724842519, 0.8568882780082839, 0.8547289395759471, 0.8547488642243687, 0.8565581089510591, 0.8571794478629233, 0.8570787643570853, 0.8572066845645345, 0.8559260686756345, 0.857487213533942, 0.8584741928678382, 0.857406289161999, 0.8585820978549871, 0.8577939988347529, 0.8583186407625093, 0.8579805039039264, 0.8569875823558347, 0.8581050614968961, 0.8583851610992941, 0.8578700834842768, 0.8579705320662706, 0.8580230117232481, 0.8572178841219663], "loss_3": [0.4408820504959709, 0.44016931358882583, 0.43983873093943643, 0.4394121184605341, 0.43926827944451124, 0.4403207498186963, 0.44065185230989795, 0.44129577308213674, 0.4384647247651501, 0.43885305713170514, 0.4394362807176789, 0.4438706989299979, 0.439172523223616, 0.4392087978435262, 0.4398807024625691, 0.4401449083019934, 0.4376784491228358, 0.44376108069761566, 0.4424116119790931, 0.4396764994735438, 0.4411920988113173, 0.443560763708155, 0.44479637328498917, 0.44104788299492204, 0.43622211175166825, 0.43684496262174477, 0.4367990952458366, 0.4372785901984485, 0.43897710425069353, 0.4383308549657318, 0.43581373513909816, 0.4359674129501616, 0.4362033132815594, 0.43553147841159995, 0.4363580464540165, 0.4367349643854831, 0.4383033647016904, 0.4385942627436175, 0.43879391320947714, 0.4399053686896054, 0.43945635394087057, 0.4375908421382842, 0.43728008065433377, 0.4361113971432956, 0.43545966602692, 0.4354333553815121, 0.4356927717353311, 0.43501776796598773, 0.4347350514381639, 0.4356722730281687, 0.43535199552677356, 0.4345467954097431, 0.4341414303849497, 0.43540547176564554, 0.43441895004786574, 0.4352679992343393, 0.43518312134649545, 0.4354874099019296, 0.43598012359212196, 0.43553833066446385, 0.43510261139186274], "accuracy_3": [0.8580338451101259, 0.8578995991413291, 0.8575180423376226, 0.8577330302726174, 0.8575193467474139, 0.8577682047791124, 0.8577014800003375, 0.8577158514179702, 0.8585800262538152, 0.8591815208961598, 0.8591706115958745, 0.8567868753636699, 0.8596108991664861, 0.8599693561609871, 0.8598442859098266, 0.8599131368464678, 0.8609398463649937, 0.8574738502502441, 0.8581841204570249, 0.8597918367347034, 0.8589326691743994, 0.8577160366389185, 0.8573755583079707, 0.8597751073417912, 0.8615049204337092, 0.8590808266148894, 0.8614123107361871, 0.8614445891753082, 0.8608264691084138, 0.8611821398284614, 0.8621833315695536, 0.8610476892235225, 0.8622917995002448, 0.8626650126244424, 0.8622119184037373, 0.8621257342616587, 0.8613097386173783, 0.8612956270721137, 0.8610707946631342, 0.8607311172089281, 0.8605084404689093, 0.8611105310606257, 0.8611266439240608, 0.8609585361100175, 0.8615449595140712, 0.8611253369902944, 0.8622190725143258, 0.8627730417717552, 0.861846750353369, 0.8624454827961006, 0.8621100953231029, 0.8624628308541612, 0.862043835635294, 0.8599105736525905, 0.8624372912346346, 0.8619589661930593, 0.8615515974717343, 0.8616049437258841, 0.8617873309295419, 0.8620173883554602, 0.8620147390551987],