{"epoch_count": 10, "loss_1": [0.6833635208507379, 0.6888500619679689], "accuracy_1": [0.606754599759976, 0.632854301482439], "loss_2": [0.7023787535727024, 0.6670009444157282], "accuracy_2": [0.5984916090965271, 0.6174394600093365], "loss_3": [0.6760730954507986, 0.6249614084760348], "accuracy_3": [0.6166066254178683, 0.647725310176611], "loss_4": [0.5619985163211823, 0.5159896444529295], "accuracy_4": [0.7022553520898024, 0.7604216548303763], "loss_5": [0.4743469823151827, 0.4494736374666293], "accuracy_5": [0.799082006017367, 0.8383562962214152], "loss_6": [0.4264884901543458, 0.4436187595129013], "accuracy_6": [0.8549213695029417, 0.8548412869373957], "loss_7": [0.42730142921209335, 0.43422797694802284], "accuracy_7": [0.8625913336873055, 0.8633752365907034], "loss_8": [0.4311483272661765, 0.44184340226153535, 0.4525650932143132], "accuracy_8": [0.8614636746545633, 0.864354400585095, 0.8493653101225694], "loss_9": [0.4280085513989131, 0.46059022719661397], "accuracy_9": [0.8673878759145737, 0.849498468140761], "loss_10": [0.4192139972001314, 0.417519710958004, 0.4475278990964095], "accuracy_10": [0.8716854105393091, 0.8729308893283209, 0.8567113988101482]}