{"epoch_count": 10, "loss_1": [0.6941808151347296, 0.6905941780124392, 0.6858789422682353, 0.6761848513569151, 0.653681908760752, 0.609413951422487], "accuracy_1": [0.5997865306479591, 0.6030365611825671, 0.6049448456083025, 0.6117449023893902, 0.6332586620535169, 0.6620356815201895], "loss_2": [0.5761873837028231, 0.5292382212621826, 0.4991801564182554, 0.5447698527148792, 0.4909798245344843, 0.4831897592970303], "accuracy_2": [0.6895320189850671, 0.7370477723223823, 0.7821763592106955, 0.7722775327307837, 0.8154385996716363, 0.8195520217929567], "loss_3": [0.48430724165269307, 0.4624274815831866, 0.4675764805504254, 0.4730053307754653, 0.4747624173760414, 0.46249158659151623], "accuracy_3": [0.8124941515071051, 0.8284180458102908, 0.8288562123264586, 0.8263882266623633, 0.8305691135781151, 0.8346774914434978], "loss_4": [0.46976807926382336, 0.47535525006907325, 0.45976520223276957, 0.4980257953916277, 0.4691286314811025, 0.4649388658148902], "accuracy_4": [0.8348400780132839, 0.8252546331712178, 0.8376940650599344, 0.8192915614162173, 0.8404448696545193, 0.8419696024485996], "loss_5": [0.46947271142687114, 0.4783812116299357, 0.4649293812257903, 0.4861559767808233, 0.4694086198295866, 0.4695278676492827], "accuracy_5": [0.8349135892731803, 0.8237682129655566, 0.8390541762113571, 0.8310541199786322, 0.8433388982500348, 0.8411459982395172], "loss_6": [0.4733091705611774, 0.4891064920595714, 0.471833710372448, 0.4999838358589581, 0.4842486134597233, 0.5089489655835288, 0.4770332240632602], "accuracy_6": [0.831921585542815, 0.8222480326890945, 0.8356226644345692, 0.8383105869804109, 0.8436637469700404, 0.8303912954671042, 0.8443391655172621], "loss_7": [0.5089860283902713, 0.47021859671388355, 0.5111013376287051, 0.49778524360486437, 0.5197725170425006, 0.5000054706420217], "accuracy_7": [0.8197610480444771, 0.8400380377258573, 0.8372873118945531, 0.8373533453260149, 0.8307209359748023, 0.8444103134529931], "loss_8": [0.5045115743364607, 0.4735501400062016, 0.4877631464174816, 0.5024236208626203, 0.5115677454641887, 0.48970037549734113], "accuracy_8": [0.822700224178178, 0.839329622898783, 0.8365426825625556, 0.8328114552157265, 0.8332654612404959, 0.8431923397949763], "loss_9": [0.5189118353383881, 0.5086248704365322, 0.4994220393044608, 0.529657612315246, 0.5122141606041364, 0.49791109008448464], "accuracy_9": [0.8332940003701619, 0.8328297844954899, 0.8341624885797501, 0.8131946095398495, 0.8363750951630728, 0.8423213737351554], "loss_10": [0.5093151164906365, 0.5168372511863708, 0.5090118940387454, 0.5377825613532747, 0.5063451070870671, 0.5140833786555699, 0.5194848799279758], "accuracy_10": [0.8405536208833967, 0.8224842437676021, 0.8309268019029072, 0.813895183801651, 0.8419178639139447, 0.8373253839356559, 0.8385548791715077]}