{"epoch_count": 10, "loss_1": [0.6982912342503386, 0.6756686118413817], "accuracy_1": [0.5972525567378638, 0.6214334503659662], "loss_2": [0.6864655175299015, 0.6778934946599996], "accuracy_2": [0.6043022252478689, 0.6098664537915643], "loss_3": [0.6822306221386172, 0.6159486832483759], "accuracy_3": [0.6123867923358701, 0.6580311813444462], "loss_4": [0.5932697575047331, 0.5548319501696892, 0.5400806732897488], "accuracy_4": [0.6904116767757343, 0.7347756028175354, 0.7649322287091669], "loss_5": [0.5460193174065284, 0.5561600889799729], "accuracy_5": [0.7653487234745385, 0.7679765089502875], "loss_6": [0.6070843085927783, 0.5591842931396557], "accuracy_6": [0.7457092224426989, 0.7730985193882348], "loss_7": [0.5536291419335131, 0.5814955622520087, 0.560159999806926], "accuracy_7": [0.786454143389216, 0.7693953311668252, 0.7887779586720016], "loss_8": [0.5809747211213382, 0.5715806472976253], "accuracy_8": [0.7745430514497577, 0.77798722375114], "loss_9": [0.6536974406467294, 0.6316297858391168], "accuracy_9": [0.7431690940317118, 0.7565797027551903], "loss_10": [0.6057520992351029, 0.6900346296013526, 0.6298714004597574, 0.6282916198361594], "accuracy_10": [0.7783153473206286, 0.7449407228883708, 0.7775054484043481, 0.7799264732396828]}