{"epoch_count": 10, "loss_1": [0.6976061558377915, 0.685128266684675, 0.6944468574247499, 0.6827585772039809, 0.6677719590744534, 0.6406098622918704, 0.6833151804940136, 0.6073432773495642, 0.5807792185873225], "accuracy_1": [0.5978859418256272, 0.6151467820872432, 0.6000269628377353, 0.6066996800726738, 0.6170312572216642, 0.6441082050258987, 0.6378465997424103, 0.6876405719397725, 0.7172765101211659], "loss_2": [0.5329794749833535, 0.5238238374392191, 0.512938460290144, 0.5289002239416187, 0.5062848341061873, 0.5009326651188486, 0.49351078531016473, 0.5057604629636386, 0.5077331401587685], "accuracy_2": [0.7594011330950088, 0.7733174873434979, 0.7866469736836382, 0.7865493136327624, 0.7913229644010609, 0.7999709049860636, 0.8078564546534405, 0.8016472107546341, 0.8023597134484185], "loss_3": [0.5158855300306698, 0.49200598326858114, 0.49139917746258244, 0.4894967508200862, 0.5203365875039123, 0.4956990060023064, 0.4788317529187686, 0.4800286079950379, 0.4837108954139378], "accuracy_3": [0.8001352666656752, 0.8097649550668283, 0.8129805600009679, 0.8165449240933293, 0.7992239942873157, 0.8154585243423204, 0.8237927803670727, 0.820427029317128, 0.8182051504291774], "loss_4": [0.4889178959931728, 0.4823823726695517, 0.4843832070124898, 0.48300251163146346, 0.4831961505654929, 0.49768850740027315, 0.4726967173785979, 0.5069476010430838, 0.4901444474280168, 0.47701034324180674], "accuracy_4": [0.8162028268339553, 0.8199710457221322, 0.8205117053455777, 0.8222244583466203, 0.8250035827862467, 0.8150402771102058, 0.8312628479395512, 0.8081008584603019, 0.8179262839077751, 0.8234471088446281], "loss_5": [0.5226659491154306, 0.48970891672056077, 0.5022156610005144, 0.48374587095877974, 0.4843419106398228, 0.5013365002645962, 0.47405867861664813, 0.4854762847872748, 0.5013117919797483], "accuracy_5": [0.800737126149993, 0.816449621161401, 0.8115880031516587, 0.8272490248012082, 0.8207861642906631, 0.8216996005767785, 0.829765770746314, 0.8262497679046963, 0.8198349870345443], "loss_6": [0.49979331369561275, 0.4877562571838858, 0.48326061946758325, 0.48644138203150983, 0.5007241112022585, 0.4942954798827425, 0.4766379407638513, 0.47647553927080644, 0.4873625363992608], "accuracy_6": [0.8142871306714229, 0.8185135270086463, 0.825694659769823, 0.8274508498717046, 0.8176011011220407, 0.8280173301120887, 0.8317803688671278, 0.8310646829397782, 0.8242482756071045], "loss_7": [0.4887596482528005, 0.48816377701966657, 0.4919951097400868, 0.48679746896172493, 0.4905099397984104, 0.5354406213126897, 0.4896889006458043, 0.49362692092927757, 0.48084216892431325, 0.4977578834635048], "accuracy_7": [0.822959606198297, 0.8236653954510528, 0.8240680645629404, 0.832020430173275, 0.8279104684861962, 0.810957474121149, 0.8352298581081888, 0.8220074294845839, 0.8309973581977512, 0.816485173172421], "loss_8": [0.5219452519347703, 0.49907762517675686, 0.511098144998873, 0.5065843274339962, 0.5055106322546512, 0.49874998247565855, 0.4968079308380827, 0.4848975290134909, 0.554533746075515], "accuracy_8": [0.8076733034014126, 0.8202637105748274, 0.8184705091559369, 0.8239617903451413, 0.8230442663897639, 0.834827318571616, 0.8233818008703886, 0.8384262979894445, 0.8127729000100767], "loss_9": [0.5081501375649862, 0.513261693255337, 0.5077473627772309, 0.5203257663814342, 0.5092152263519268, 0.5127816148426222, 0.4897796528926794, 0.49177350715738566, 0.5123556681013338], "accuracy_9": [0.8187113148002809, 0.8171697388524595, 0.8256068920743638, 0.8252299010465687, 0.8283609123045695, 0.8329213748231602, 0.8381315734651353, 0.8398172394664967, 0.8252336403022066], "loss_10": [0.49764881401822186, 0.5218579098222337, 0.5020433389334287, 0.5157114002439711, 0.5277974346409673, 0.5531721367064305, 0.49356060716265066, 0.5025724302167478, 0.540323540640338, 0.5708150348225653], "accuracy_10": [0.8310437044083784, 0.8199348331649522, 0.8313625924253233, 0.8301710886655799, 0.821553529460649, 0.8229781418030965, 0.8399136403332585, 0.8375636906439555, 0.8208368541537852, 0.80678014104493]}