{"epoch_count": 10, "loss_1": [0.6861123446969019, 0.6888337165549181, 0.6784568666547969, 0.6841814163802327, 0.6727814117203588, 0.6459540355464687], "accuracy_1": [0.6162025548409724, 0.6027527952539748, 0.6099740668483402, 0.6343434042688729, 0.6135358521039935, 0.633917167134907], "loss_2": [0.5976201224586238, 0.5354393087867377, 0.5065997677004855, 0.5131745642941931, 0.5054475671571234, 0.5253368784552035], "accuracy_2": [0.687970766554708, 0.7304110855296038, 0.7824129539987316, 0.7866451001685598, 0.7947503185790518, 0.769192187682442], "loss_3": [0.5104401293008224, 0.48221022408941516, 0.4822934030190758, 0.48773846742899524, 0.4953615138496178, 0.49636055377946386], "accuracy_3": [0.7920915894750236, 0.813063045774681, 0.8151529876218326, 0.8089549118194027, 0.8072949609030848, 0.8020429187926693], "loss_4": [0.4847480248713839, 0.4855827814426975, 0.4852368244226428, 0.4855841657389765, 0.5252786315437676, 0.4911707229372384, 0.4933862016684767], "accuracy_4": [0.8167262893656025, 0.8191127872121506, 0.8192994300869928, 0.8191243133683136, 0.7865167134913845, 0.8160040974617004, 0.8110476317613021], "loss_5": [0.4912941607012265, 0.4827444171128066, 0.4899907025738039, 0.49680807517058606, 0.49614372979039734, 0.5218171468679456], "accuracy_5": [0.8196648825769839, 0.8222094519414763, 0.8247440345045449, 0.8193910333557405, 0.817549857540407, 0.7914503821428271], "loss_6": [0.48970596924208215, 0.4886273506326952, 0.4928517995969109, 0.4963978470667549, 0.506057309931603, 0.49975864157296607], "accuracy_6": [0.8222568294276362, 0.8246357695779939, 0.8209599774816762, 0.8202295825965162, 0.815002795578777, 0.808558448933173], "loss_7": [0.5044521438902703, 0.5081029214720795, 0.5067848394746366, 0.5195015716379967, 0.5933923872484677, 0.5167102392600931, 0.5070188449344774], "accuracy_7": [0.8214283430058024, 0.8280081666898036, 0.8182032246520554, 0.8142998296281566, 0.7663584489753281, 0.8177199039770209, 0.819233010644498], "loss_8": [0.5304357958012733, 0.5314036590465601, 0.5416742563247681, 0.5717262627853863, 0.6204334594633268, 0.5465816946133323], "accuracy_8": [0.8193145351133485, 0.8130206150421198, 0.8034826106783273, 0.7923638056153837, 0.7814094264438187, 0.7963573816029922], "loss_9": [0.5261824010075002, 0.5513995006896447, 0.5591464582560719, 0.5436386921699496, 0.5870335231656614, 0.5778190716021303], "accuracy_9": [0.8192509464595629, 0.809948405061943, 0.8034113001996193, 0.8045556104701498, 0.7829453271368275, 0.7942580446816873], "loss_10": [0.5377922261106796, 0.5565944162831791, 0.5517586568991343, 0.5643507851206738, 0.5698394982711129, 0.6131511028262152, 0.5257563005754913], "accuracy_10": [0.8184418946072676, 0.8154301928437274, 0.8081823090712229, 0.8035019040107727, 0.7956953152366306, 0.7812087397644485, 0.8217067463674407]}