{"epoch_count": 10, "loss_1": [0.693752257959217, 0.7246583091451767, 0.6689929142065928, 0.6565842970888666, 0.6645521185499557, 0.6002475031724213], "accuracy_1": [0.5998609666283249, 0.5921768258649407, 0.6199465833657177, 0.639152781337711, 0.6316029835254588, 0.6814658865861013], "loss_2": [0.5728829672150578, 0.5371225890538371, 0.5747775798993753, 0.5139350622681016, 0.4935799708180394, 0.5043792830291369], "accuracy_2": [0.706258051784326, 0.7493347457960142, 0.7421949746760916, 0.7815488991162456, 0.7984915925255904, 0.7988776902780466], "loss_3": [0.503137654235177, 0.541256493710457, 0.4927239494120821, 0.4723824564869522, 0.47118016633581605, 0.47365582094970327], "accuracy_3": [0.8021819490067502, 0.8055414975957668, 0.8101398648945153, 0.8203768307435597, 0.8268215216643421, 0.8278556204011255], "loss_4": [0.46465101753566285, 0.47196491918665295, 0.46066590192470147, 0.5507698473355449, 0.4613084598635951, 0.4636868566063279], "accuracy_4": [0.8330623824545678, 0.8380211202810842, 0.8401039306153643, 0.790091372128074, 0.8366139772090506, 0.8374610615114794], "loss_5": [0.46734583737156915, 0.46044025247824105, 0.46674797255942163, 0.5133209473697852, 0.4893206167728343, 0.5154186542152513], "accuracy_5": [0.8330279047607531, 0.8429157070234312, 0.833135482690013, 0.8165002938703443, 0.8281545554492491, 0.8095994435303601], "loss_6": [0.48066901484279767, 0.49043164756281155, 0.46576688665870236, 0.49205243228175116, 0.4921906038801721, 0.5477968872861659, 0.48027846766701826], "accuracy_6": [0.8257621742309408, 0.8342051497587921, 0.8402712387396089, 0.8364840302061527, 0.8254572263000705, 0.7962992102541822, 0.8315781464813449], "loss_7": [0.46855331862226446, 0.473166749198386, 0.4825240851294064, 0.5161134590071144, 0.4878791733413723, 0.4855127750981784], "accuracy_7": [0.8391544451104834, 0.8423848532615824, 0.8398464368590226, 0.8166105337176762, 0.832451159649707, 0.8299380536620499], "loss_8": [0.4810300277057269, 0.5269616863406297, 0.5298334569373029, 0.4880242474535678, 0.49846878225076285, 0.5193978338799579], "accuracy_8": [0.8350020997913171, 0.821022685537947, 0.816493126517492, 0.8348409791364737, 0.8305676604839082, 0.8141901531118028], "loss_9": [0.4956408992726752, 0.5359394518618888, 0.4926525434703692, 0.5572539650379343, 0.5245010793631804, 0.5286613256796032], "accuracy_9": [0.8271180179947657, 0.8200721389858435, 0.835018627187039, 0.811532586601609, 0.8216526563285936, 0.8147746510539494], "loss_10": [0.5131762105945155, 0.4988105614134606, 0.49160593304228273, 0.5921487899114054, 0.52804918492094, 0.509419876421597, 0.5125043910023168], "accuracy_10": [0.818191352465474, 0.8287686079951888, 0.833145020278633, 0.8071263221138758, 0.8185716981583453, 0.8249341722921277, 0.8230545567282548]}