{"epoch_count": 10, "loss_1": [0.7013003085598801], "accuracy_1": [0.60418183333946], "loss_2": [0.6872793761166659, 0.69526894345428], "accuracy_2": [0.6037270228068033, 0.6102364785743483], "loss_3": [0.6894507913878469], "accuracy_3": [0.6210442239587958], "loss_4": [0.6276709952137687, 0.6411259996168541], "accuracy_4": [0.6480333732836174, 0.6805433757377394], "loss_5": [0.5661824959697146], "accuracy_5": [0.722564408273408], "loss_6": [0.5613935382077189, 0.5840602481003964], "accuracy_6": [0.7274555094314344, 0.7329871455828348], "loss_7": [0.5016695929296089], "accuracy_7": [0.7890441381570065], "loss_8": [0.5549438108097423, 0.506977485887932], "accuracy_8": [0.7668170170350508, 0.7935658675251585], "loss_9": [0.5008536152767412], "accuracy_9": [0.8061250899777268], "loss_10": [0.5810077154275143, 0.5453169481320814, 0.5119194036180322], "accuracy_10": [0.7745811415441108, 0.7889830560395212, 0.8062863891774957]}