{"epoch_count": 10, "loss_1": [0.6964129165366844], "accuracy_1": [0.6154098996409664], "loss_2": [0.698015421628952], "accuracy_2": [0.619875724668856], "loss_3": [0.661264576293804], "accuracy_3": [0.6233866722495468], "loss_4": [0.6441188818878598, 0.6148679984940423], "accuracy_4": [0.6518869113039087, 0.6751679756023266], "loss_5": [0.6022249393992953], "accuracy_5": [0.7209678910396717], "loss_6": [0.622249244539826], "accuracy_6": [0.7418396870295206], "loss_7": [0.6602729912157412], "accuracy_7": [0.7211889999884146], "loss_8": [0.5421977186644519, 0.5551073197965268], "accuracy_8": [0.7629882406305384, 0.7565783505086545], "loss_9": [0.5585345923900604], "accuracy_9": [0.7784243358506097], "loss_10": [0.5419025818506876, 0.6183262942013917], "accuracy_10": [0.7725595677340472, 0.7405807177225748]}