{"epoch_count": 10, "loss_1": [0.6945265471935272], "accuracy_1": [0.5994937807321549], "loss_2": [0.6963252887129784, 0.6765323057770729], "accuracy_2": [0.6013006836175918, 0.6138467147946358], "loss_3": [0.6623995281755924, 0.6396587662398815], "accuracy_3": [0.6311073631048203, 0.6817812442779541], "loss_4": [0.5935835286974906, 0.5666605278849601], "accuracy_4": [0.6950688064098358, 0.7388527631759644], "loss_5": [0.5336330652236938], "accuracy_5": [0.7497736349701881], "loss_6": [0.5784645915031433, 0.48785083889961245], "accuracy_6": [0.7360315456986427, 0.7979924008250237], "loss_7": [0.4882438026368618, 0.49915982112288476], "accuracy_7": [0.7958919867873192, 0.7914617657661438], "loss_8": [0.6345861047506333, 0.490926007181406], "accuracy_8": [0.7266304224729538, 0.828489126265049], "loss_9": [0.5522880092263222, 0.5275123938918114], "accuracy_9": [0.7758438274264335, 0.8128321930766106], "loss_10": [0.5551079668104648, 0.5500445559620857], "accuracy_10": [0.7902352795004844, 0.7982826188206673]}