{"epoch_count": 10, "loss_1": [0.7071601857741674, 0.7690094590187073], "accuracy_1": [0.5932176659504572, 0.5762961010138193], "loss_2": [0.6739322652419408, 0.6643726030985514, 0.666477452715238], "accuracy_2": [0.6163033227125804, 0.6215625117222469, 0.6204020430644354], "loss_3": [0.6518323679765066, 0.6347746724883715], "accuracy_3": [0.6467605034510294, 0.672310146689415], "loss_4": [0.5463922515511512, 0.5215637400746346, 0.49762513587872187], "accuracy_4": [0.7325403173764546, 0.7583939095338186, 0.7816137830416362], "loss_5": [0.5682486916581789, 0.5386500512560208], "accuracy_5": [0.7596091657876969, 0.7778823484977087], "loss_6": [0.538038984934489, 0.5106450026233991, 0.5426548019051551], "accuracy_6": [0.7746680557727814, 0.7984548260768255, 0.7762403567632039], "loss_7": [0.5128649418552716, 0.5025068362553914, 0.5457054009040196], "accuracy_7": [0.7995565970738728, 0.804320220152537, 0.7781200736761094], "loss_8": [0.6130804946025212, 0.6066510130961736], "accuracy_8": [0.7493657559156418, 0.7543782860040664], "loss_9": [0.5690032099684079, 0.549733400841554, 0.4844949131210645], "accuracy_9": [0.7762472093105316, 0.7816490123669306, 0.823109749952952], "loss_10": [0.6319031933943431, 0.5799290801088015, 0.6667174980044365], "accuracy_10": [0.7477069159348806, 0.7672782431046168, 0.7363569517930348]}