{"epoch_count": 10, "loss_1": [0.6972679975065025, 0.6927858760228028, 0.6926415006856661, 0.6703590931924613, 0.6304629336337786, 0.5990648148833094], "accuracy_1": [0.6002419454020422, 0.6036819972701974, 0.6062800598305624, 0.6151847493004154, 0.6450915098995775, 0.6696889215224499], "loss_2": [0.5625354935591286, 0.5372164354131028, 0.5111281404624114, 0.5008038173656206, 0.499224169431506, 0.5043714616347004], "accuracy_2": [0.7085893113870878, 0.7467192685281908, 0.7755516545998083, 0.7879958019868748, 0.7977792882436031, 0.7977156582716349], "loss_3": [0.49618376731067093, 0.49943494212788503, 0.539385166723986, 0.5052703139749734, 0.49570791221953725, 0.5026471979311995, 0.5136526543143634], "accuracy_3": [0.7998045155325452, 0.7979172685661832, 0.7953148766143902, 0.8051387281031221, 0.8082552362938185, 0.8066214508301502, 0.8043582644816991], "loss_4": [0.49358868397570943, 0.49383733159786947, 0.49694172172127543, 0.49199418884676854, 0.49786845071090235, 0.49834769017793035], "accuracy_4": [0.8104994546722721, 0.8096910312369063, 0.8125768783124717, 0.8163559396524687, 0.8122079779167433, 0.8114977905879149], "loss_5": [0.49340274567539627, 0.4981112951362455, 0.5186272585714186, 0.504933737621114, 0.4985363662645623, 0.5159500329881102, 0.5128215205025028], "accuracy_5": [0.8151726408584697, 0.8072944021708256, 0.8117901811728606, 0.8166381076381013, 0.815995604202554, 0.8035992766554291, 0.8126253791757532], "loss_6": [0.5006859072962323, 0.5032611022124419, 0.5581495022854289, 0.5089022446725819, 0.5089798775073644, 0.5134916823055293], "accuracy_6": [0.8173759124568991, 0.8154059128986823, 0.7841961122042423, 0.8110789092811378, 0.8095924697212271, 0.8106778924529617], "loss_7": [0.5099592907605944, 0.5207530105033437, 0.5455155912283305, 0.5194129257186039, 0.5257167034857982, 0.5322756557851225, 0.5419532924487784], "accuracy_7": [0.8208500295877457, 0.8033706803579588, 0.8026830417078894, 0.8117052924794119, 0.7998812134201462, 0.7976238711460216, 0.8011699971315023], "loss_8": [0.5286416761778496, 0.5524667495408574, 0.5996092813643249, 0.5395555226383982, 0.5316271157683553, 0.5334646017164797], "accuracy_8": [0.8115037651480855, 0.8006420973184947, 0.7700399881279146, 0.7994840926415211, 0.8021960282647932, 0.8020397074319221], "loss_9": [0.5353489785983756, 0.5612901636474842, 0.5910154099802714, 0.5400082877761608, 0.5693833237966975, 0.5664307773113251, 0.586186217295157], "accuracy_9": [0.8164835685008281, 0.791238345809885, 0.7931645496471508, 0.8026467654350642, 0.7837336099631077, 0.7849176695217958, 0.7870454643223737], "loss_10": [0.5658276727473414, 0.6182435901986586, 0.6221823196958851, 0.5777985014625497, 0.554432787403867, 0.5486201720463263, 0.6353591785237596], "accuracy_10": [0.8035147927097372, 0.7783711153913189, 0.7679430979329187, 0.7835335864408596, 0.7931649201625103, 0.7995489070544372, 0.7707677761445174]}