{"epoch_count": 10, "loss_1": [0.6879150105847253, 0.6925760019156668, 0.6777132170067893], "accuracy_1": [0.6040890581078, 0.601064644753933, 0.6111775909860929], "loss_2": [0.6595270650254356, 0.6423077413605319, 0.5977816035350164], "accuracy_2": [0.6231046186553107, 0.6447743781738811, 0.6783503376775317], "loss_3": [0.6227623828583293, 0.5511797145009041, 0.5404257348014249], "accuracy_3": [0.7031797841191292, 0.7482185976372825, 0.7580971858567662], "loss_4": [0.5304517638352182, 0.5842337893942992, 0.5386993777420785, 0.5172707032826211], "accuracy_4": [0.7787635955545638, 0.7515885126259592, 0.780065156519413, 0.7957359419928657], "loss_5": [0.5207795811196169, 0.5288714969323741, 0.5176187853018442], "accuracy_5": [0.7972044232818816, 0.7962306373649173, 0.8028969822658433], "loss_6": [0.5339734231432279, 0.5274872531493505, 0.5329426402846972], "accuracy_6": [0.8017090542448891, 0.8010141104459763, 0.8039672176043192], "loss_7": [0.5359083927339978, 0.5494212632377943, 0.5288948896858428], "accuracy_7": [0.8043256691760488, 0.7925941124558449, 0.7970138134227859], "loss_8": [0.5342562140689956, 0.531024396005604, 0.5474820791019334, 0.5432613487872813], "accuracy_8": [0.8006531943877538, 0.8047579187485907, 0.7911490955286555, 0.7986191221409373], "loss_9": [0.5256835135320822, 0.5470574891401662, 0.5683405755294694], "accuracy_9": [0.808758155339294, 0.7979558623499341, 0.800447459022204], "loss_10": [0.5533082096113099, 0.5519822484089268, 0.5710909242431322, 0.5695093253420459], "accuracy_10": [0.80157280796104, 0.7903294149372313, 0.7933997925784853, 0.7923072601358095]}