{"epoch_count": 10, "loss_1": [0.7059966411855486, 0.6887315233548482, 0.689588936832216], "accuracy_1": [0.6121424171659682, 0.6028730571269989, 0.6057198319170211], "loss_2": [0.6532284372382694, 0.6332744224203958, 0.5653120650185479, 0.5214237835672166], "accuracy_2": [0.6268030285835267, 0.655198872089386, 0.6979607952965631, 0.7472118397553762], "loss_3": [0.5111817955970764, 0.526671955982844, 0.482256257865164, 0.4835678279399872], "accuracy_3": [0.7794637944963243, 0.792591722144021, 0.817129342423545, 0.8153261575433943], "loss_4": [0.49536433517932893, 0.5191722121503618, 0.4909532414542304, 0.4875170217620002], "accuracy_4": [0.8189135081238217, 0.8125969621870253, 0.8320426205794017, 0.825536373588774], "loss_5": [0.5082830154233509, 0.5246975984838274, 0.5062828113635381, 0.49615972803698644], "accuracy_5": [0.8182677083545261, 0.8202222221427493, 0.8303387701511383, 0.8228661967648401], "loss_6": [0.5179355366362466, 0.5308610104852253, 0.5303104297982322, 0.5231751594278548], "accuracy_6": [0.8160476883252462, 0.8173640575673845, 0.8203897151682112, 0.8093312952253554], "loss_7": [0.5435369789600373, 0.5345290558205711, 0.5453657680087619, 0.5190023137463464], "accuracy_7": [0.8006906734572516, 0.8142447749773661, 0.8099048104551103, 0.8144990689224667], "loss_8": [0.5604777488443586, 0.5406279557281071, 0.5748377816544639, 0.5232857038577398], "accuracy_8": [0.7924392276340061, 0.8088692492908902, 0.7948781351248423, 0.8109346833493974], "loss_9": [0.584333152572314, 0.5412088139189615, 0.5876661585436926, 0.5494189504120085], "accuracy_9": [0.7784654948446486, 0.8106596728165945, 0.7909472604592641, 0.807668591870202], "loss_10": [0.5894378860791524, 0.5502108616961373, 0.6300545639461941, 0.5355614735020532, 0.5637162066168255], "accuracy_10": [0.7767263246907128, 0.8038159489631653, 0.7699472579691146, 0.8040701667467753, 0.7913955960008833]}