{"epoch_count": 10, "loss_1": [0.7001548890884106, 0.7417309299493448, 0.6973300110071133], "accuracy_1": [0.5962239863016666, 0.5798979531495999, 0.5983689289826614], "loss_2": [0.6568876054042425, 0.6385854902939919, 0.6470110019048055], "accuracy_2": [0.6289325891396939, 0.6411196222672095, 0.6387348450147189], "loss_3": [0.5468013768012707, 0.5093437551687925, 0.5324786549959427, 0.5034769410506273], "accuracy_3": [0.7392291143918649, 0.7694774934878716, 0.7628237291788443, 0.788919325822439], "loss_4": [0.4589977768751291, 0.47142321750139576, 0.5212673961352079], "accuracy_4": [0.8282278378804525, 0.8189906141696832, 0.7863753522053744], "loss_5": [0.45083820017484516, 0.46771938640337724, 0.49038621897880846, 0.4980531904177788], "accuracy_5": [0.8487419585386912, 0.8377633958290784, 0.8106704682875903, 0.8046784378015078], "loss_6": [0.46275433554099155, 0.4886811020282599, 0.5550033717583387], "accuracy_6": [0.840854939741966, 0.8168916220848377, 0.7763887712588677], "loss_7": [0.44929701013442797, 0.4949995359549156, 0.4960739173186131, 0.5253693839678397], "accuracy_7": [0.8560550931172494, 0.8379580775896708, 0.8129451068548056, 0.7921035282122784], "loss_8": [0.4997150966754326, 0.5347920243556683, 0.5485238501658807], "accuracy_8": [0.8187439816120343, 0.7981343743128654, 0.7847778071195651], "loss_9": [0.4642991515306326, 0.5547785399815975, 0.5154756643833258, 0.5442794221333969], "accuracy_9": [0.8503959415814816, 0.8096150175119058, 0.8020981351534525, 0.7894135553103226], "loss_10": [0.516252372891475, 0.5299435552114096, 0.5740748655337554, 0.48299058201985484], "accuracy_10": [0.816898878568258, 0.7977762084740859, 0.7792477584802188, 0.8426127510193067]}