{"epoch_count": 10, "loss_1": [0.6760912143132266, 0.7147013737874872, 0.7008288248496897], "accuracy_1": [0.614654556793325, 0.5901124231955585, 0.5965345791157555], "loss_2": [0.6654005024363013, 0.7106434404850006, 0.6592544930822709], "accuracy_2": [0.6249108279452604, 0.5957276531878639, 0.6241513779934715], "loss_3": [0.5883784465053502, 0.5724275155979044, 0.5157893712029737], "accuracy_3": [0.6808507784324533, 0.7045632890042137, 0.7640609136399101], "loss_4": [0.5037331624942667, 0.5336672567269382, 0.49203961254919276], "accuracy_4": [0.7917080092079499, 0.7833397888085422, 0.8130735325462678], "loss_5": [0.5269331401761841, 0.48020225588013143, 0.4874893168316168], "accuracy_5": [0.8122209810158786, 0.8293200906585244, 0.8223689882194295], "loss_6": [0.4942092321374837, 0.4676579946980757, 0.47551777213811874], "accuracy_6": [0.8384133621173746, 0.8458370715379715, 0.8354292310336057], "loss_7": [0.4712479995454059, 0.4734855276696822, 0.4743526126531994], "accuracy_7": [0.8575073419248357, 0.8432218037983951, 0.8427967157434014], "loss_8": [0.4774768790777992, 0.48087265517781763, 0.47657465540310917], "accuracy_8": [0.8513145350358066, 0.8457718132173314, 0.8443880361669204], "loss_9": [0.48520223314271255, 0.4788587943595998, 0.5174780943814445, 0.5140582178445423], "accuracy_9": [0.844403433449128, 0.8470324391827864, 0.8313357014866436, 0.8226631511660183], "loss_10": [0.49711935748072233, 0.5627960987827357, 0.4979741516358712, 0.5244893501786625], "accuracy_10": [0.8314292755197076, 0.8183050243293538, 0.8419203039477853, 0.8276598953148898]}