{"epoch_count": 10, "loss_1": [0.6782547257564686, 0.682787796597422, 0.6760673331625667], "accuracy_1": [0.6171930807608145, 0.6067727782108165, 0.6112378703223335], "loss_2": [0.6510616459964235, 0.5770364911467941, 0.5380325751540102, 0.5047065670843478], "accuracy_2": [0.6304573681619432, 0.6946491694744722, 0.7278497263237282, 0.7643952568372091], "loss_3": [0.5003044973185033, 0.47419305826410835, 0.4607147894523762], "accuracy_3": [0.7873665727215049, 0.8142035448992694, 0.8319019851861177], "loss_4": [0.551338909216869, 0.4964525971883609, 0.4537643823358748, 0.470274211079986], "accuracy_4": [0.7713414540997258, 0.8038080128622643, 0.8457874339303852, 0.8284118617022479], "loss_5": [0.4696930834540614, 0.4545285201367037, 0.4553051660826177, 0.478446814748976], "accuracy_5": [0.8303919670022564, 0.844843938762759, 0.843543060031938, 0.8278986561445543], "loss_6": [0.45832637430709083, 0.46521373001145727, 0.4699756856317873], "accuracy_6": [0.8407824076252219, 0.8404086938610783, 0.8383230338861913], "loss_7": [0.49901993296764513, 0.47322236167060006, 0.47279438633977633, 0.46162619193394977], "accuracy_7": [0.816908926875503, 0.8340357115239273, 0.8349279812824579, 0.8372225194801519], "loss_8": [0.4728244995629346, 0.4709781375196245, 0.4715098194134088], "accuracy_8": [0.833040518525206, 0.8389901261270782, 0.8369496869452205], "loss_9": [0.588993153454345, 0.5041951868269179, 0.4824098293428068, 0.4825840375305694], "accuracy_9": [0.7847029794881373, 0.8219247291117538, 0.8347334000799391, 0.828820683338024], "loss_10": [0.48784284238462094, 0.46346224163785393, 0.5025608694111859, 0.4859364095293445], "accuracy_10": [0.8272132674853007, 0.8435266157727183, 0.8239435509399131, 0.8293178699634693]}