{"epoch_count": 10, "loss_1": [0.6899013288559452], "accuracy_1": [0.6095274398403783], "loss_2": [0.690112296612032], "accuracy_2": [0.612416438518032], "loss_3": [0.6972661499054201, 0.6697034297450897], "accuracy_3": [0.6020658708387806, 0.6212489451131513], "loss_4": [0.6409280050185419], "accuracy_4": [0.642439648028343], "loss_5": [0.5937785890794569, 0.564295583194302], "accuracy_5": [0.6765065289312794, 0.7023635852721429], "loss_6": [0.5679308791314402], "accuracy_6": [0.7298230663422616], "loss_7": [0.5283320421172727, 0.6558033583625671], "accuracy_7": [0.7657165065888436, 0.7238081597512768], "loss_8": [0.6596646395421797], "accuracy_8": [0.7444589407213272], "loss_9": [0.5400960310812919, 0.616424318282835], "accuracy_9": [0.7848976542872768, 0.7558529934575481], "loss_10": [0.642957059606429, 0.5938362700323905], "accuracy_10": [0.7727133093341705, 0.7665340265920085]}