{"epoch_count": 10, "loss_1": [0.6921700650048488, 0.688378717714143, 0.6833872277181126, 0.6739539006381359, 0.6748938939525085, 0.6529948763476993, 0.620490580363181, 0.6463096614890885, 0.5648282942841354], "accuracy_1": [0.6085836924974201, 0.6122279690886007, 0.6066048943880692, 0.6129964754998105, 0.6125984764793544, 0.6274508093167277, 0.6538119235085053, 0.6603933526474295, 0.7128392021054203], "loss_2": [0.5358027164797181, 0.5092415275793631, 0.5239591565236305, 0.503853546328915, 0.5201578257442678, 0.49392464800367075, 0.4978305661273234, 0.4856506671430995, 0.48209161419891616], "accuracy_2": [0.7482713472495959, 0.7806722651986242, 0.7718048425554072, 0.7876651156874537, 0.7914843379872517, 0.7947633795946547, 0.8021409089125476, 0.8120555961594998, 0.8127559388725503], "loss_3": [0.5176427899633796, 0.48967320913250006, 0.48663610451429795, 0.4844280437937061, 0.5047696610388247, 0.483863193867276, 0.48935190479732255, 0.5036317954943018, 0.5392168517251616], "accuracy_3": [0.8000025271790699, 0.8166170007395512, 0.8160641155775311, 0.8166516874600382, 0.8054716451075471, 0.8132435847254633, 0.8067175531850278, 0.805242224804406, 0.7935681765519299], "loss_4": [0.48489768643981046, 0.48924430192095564, 0.49651094272877405, 0.4937267491539705, 0.5086714240532477, 0.5192054961491557, 0.4828747529717325, 0.47841905245503175, 0.4985916487221579], "accuracy_4": [0.8208764652604038, 0.8240959505433018, 0.8137784597364445, 0.8185653015247827, 0.8102596358766834, 0.804334404688437, 0.8136912179224699, 0.8197934566770942, 0.8123020440050699], "loss_5": [0.4763347724977049, 0.49092528571202915, 0.48542156150040117, 0.49135075929095445, 0.48560836245712724, 0.49122493055838984, 0.47727435306437965, 0.4827739652788755, 0.4749267095500983], "accuracy_5": [0.827274695183467, 0.8242303500476392, 0.8213305218705853, 0.8219435220783197, 0.8191448343031614, 0.8170071432312715, 0.8189091445172875, 0.8176449169811694, 0.8270377814769745], "loss_6": [0.4750729259646055, 0.49447997304999713, 0.496790369592824, 0.4881311756314583, 0.49563911311256076, 0.4834731228432609, 0.4810828277208273, 0.5098758613310971, 0.4785161031392014], "accuracy_6": [0.8294762954549882, 0.8227802483202185, 0.8209648097603066, 0.8223708008678214, 0.8149437505064658, 0.8217073592167456, 0.8219971668373034, 0.8074247160004181, 0.8277078007610099], "loss_7": [0.48095961493774525, 0.4784750935522098, 0.4898334335065582, 0.49456211128859845, 0.492212852517378, 0.48828365429512505, 0.47838119135319607, 0.4814706142376928, 0.4907841957309871, 0.48167950435749535], "accuracy_7": [0.8257998421932887, 0.8291409368653899, 0.824781182032187, 0.8210744229913916, 0.8229358595551797, 0.8225177922873821, 0.8235603591192115, 0.8247850589381839, 0.822999421832631, 0.8263395286879494], "loss_8": [0.48403685228917204, 0.4918761130386186, 0.4961317634408914, 0.49552657983256776, 0.5121852079930814, 0.47658684560396136, 0.4901557205950172, 0.4757373824860286, 0.48138463063147463], "accuracy_8": [0.8263195457967739, 0.8272800876677615, 0.8217288084979196, 0.8237618913928282, 0.8142107484988796, 0.8301052416412575, 0.8251566302429125, 0.8318745482315137, 0.8295744588074175], "loss_9": [0.4849099124808913, 0.49773912999815156, 0.49553808020156564, 0.4952023197146295, 0.5308573813114351, 0.49287634914361156, 0.5188221346984789, 0.4850888146648129, 0.5384863998415401], "accuracy_9": [0.8273677733337995, 0.8255945392025327, 0.8212079287154003, 0.8220473634965212, 0.8094083009992988, 0.8265952152534596, 0.8189554110314082, 0.83298567371461, 0.8113628568001163], "loss_10": [0.49399508072913273, 0.5095378106948242, 0.49759574089814157, 0.5120309941398288, 0.5445262749218246, 0.5883365313983658, 0.5595798802028582, 0.5110999892637568, 0.5319143260277591, 0.4988092335971814], "accuracy_10": [0.8250071759362823, 0.8221375950910512, 0.8233913892102473, 0.8178837085233152, 0.8098044311537326, 0.798431712157518, 0.8073009249654789, 0.8246658959435028, 0.8160507670305308, 0.826452329320815]}