{"epoch_count": 10, "loss_1": [0.6827504818930346, 0.6783485640497768, 0.6933927213882699, 0.6802943747709779, 0.6234245488748831, 0.6155016744399772], "accuracy_1": [0.6121087753597427, 0.6110022927031797, 0.6371308784274494, 0.6155157838674152, 0.6535255150759921, 0.7059074096819934], "loss_2": [0.5391683723120129, 0.5013283898725229, 0.524554904550314, 0.5190052341888932, 0.4574299084351343, 0.468468155931024], "accuracy_2": [0.7273621247971759, 0.7712357241441222, 0.7905290017233175, 0.7818197695647969, 0.8317592091420117, 0.8209761955282268], "loss_3": [0.4516727411571671, 0.47090547115487214, 0.4536534541231744, 0.44844830299125, 0.4538220401634188, 0.4554243398939862], "accuracy_3": [0.8391155473449651, 0.8279546525548486, 0.838744548313758, 0.845144564176307, 0.8406274331843152, 0.8413594084627488], "loss_4": [0.4553545185309999, 0.4694391274276902, 0.4650525654501775, 0.4549722857773304, 0.4532422565800302, 0.4745958053013858], "accuracy_4": [0.8399207131827578, 0.8342243213863934, 0.838145461590851, 0.8433465304620126, 0.8439320860540166, 0.8417949181269196], "loss_5": [0.4972897643113838, 0.4709068591542104, 0.48546066157081547, 0.46898406765916767, 0.45967491957194667, 0.47296640013947205], "accuracy_5": [0.8214507111731697, 0.84098018618191, 0.8278655554441845, 0.837057781570098, 0.8440227920518202, 0.839300786747652], "loss_6": [0.4566789823858177, 0.4563457534155425, 0.47711707761182504, 0.46631381967488456, 0.48219164548551335, 0.4988964969182716, 0.4730040047536878], "accuracy_6": [0.8422946609994945, 0.8444678665083998, 0.8374175232122926, 0.844066503293374, 0.8313856747220544, 0.8216835352427819, 0.8426569318946671], "loss_7": [0.46624219351831603, 0.47965805079130563, 0.5035125902470421, 0.5453621576375821, 0.4769842232413152, 0.4801629124318852], "accuracy_7": [0.8382184996324427, 0.834357280503301, 0.8353698328137398, 0.7962335733806386, 0.8341629202751553, 0.8329482262625414], "loss_8": [0.4832697990624344, 0.48358339553370194, 0.5006091765621129, 0.4980509430170059, 0.49358462191679897, 0.4934770589803948], "accuracy_8": [0.8276436504195718, 0.82983769257279, 0.8310065247556743, 0.8200236322248683, 0.8233340075787376, 0.8260719920782482], "loss_9": [0.49533294448081183, 0.5151414345292484, 0.5129354039535803, 0.5086088428164229, 0.5183985711020582, 0.5350883916458663], "accuracy_9": [0.8283190635197303, 0.8091706747517866, 0.8167684783830362, 0.8154523951165816, 0.8223795373650158, 0.8146326020359993], "loss_10": [0.5145312508239466, 0.48222484834053936, 0.5547859837465426, 0.5267310032949728, 0.5141123833463472, 0.5674977350760909, 0.5370609920252772], "accuracy_10": [0.8167478240588132, 0.8321964420816478, 0.7967404175330611, 0.8091109075090465, 0.8224848982165841, 0.8021373989827493, 0.8145527024479473]}