{"epoch_count": 10, "loss_1": [0.6672022458579805], "accuracy_1": [0.6272934873898824], "loss_2": [0.7351660446988212, 0.6671815464893976], "accuracy_2": [0.581284824344847, 0.6197116706106398], "loss_3": [0.6629781176646551], "accuracy_3": [0.6226654830906126], "loss_4": [0.683659060133828, 0.636937258972062], "accuracy_4": [0.6089589893817902, 0.6398668090502421], "loss_5": [0.6164756342768669, 0.558006608651744], "accuracy_5": [0.6650604158639908, 0.7158721321158938], "loss_6": [0.5159514190422164], "accuracy_6": [0.7628775089979172], "loss_7": [0.5375212083260218, 0.5170978200104501], "accuracy_7": [0.7560822748475604, 0.7839915057023367], "loss_8": [0.5168177369568083, 0.7031274313728014], "accuracy_8": [0.7910639809237586, 0.6939473532968097], "loss_9": [0.5113546128074328], "accuracy_9": [0.8073363999525706], "loss_10": [0.7213181149628427, 0.5284282118082047, 0.6753812639249696], "accuracy_10": [0.7013838738203049, 0.7988844331767824, 0.7224167154894935]}