{"epoch_count": 10, "loss_1": [0.6744049908593297, 0.6686615590006113], "accuracy_1": [0.6158837527036667, 0.6300948839634657], "loss_2": [0.6676479605957866, 0.6609486294910312, 0.6456989836879075], "accuracy_2": [0.6323137041181326, 0.6261059353128076, 0.6465303795412183], "loss_3": [0.6352717848494649, 0.6014221189543605, 0.5862501659430563], "accuracy_3": [0.647902175784111, 0.6742377365007997, 0.7154064569622278], "loss_4": [0.5396419218741357, 0.5024150484241545, 0.5565268616192043], "accuracy_4": [0.7269839160144329, 0.7751667443662882, 0.7829885026440024], "loss_5": [0.4894494563341141, 0.486550007481128, 0.5859528514556587], "accuracy_5": [0.806487844325602, 0.8080650866031647, 0.7783758360892534], "loss_6": [0.49513741256669164, 0.49345187097787857, 0.6104451911523938], "accuracy_6": [0.814114673063159, 0.8101206999272108, 0.7729562986642122], "loss_7": [0.5086344345472753, 0.513723295647651, 0.5488947620615363], "accuracy_7": [0.8056770218536258, 0.8020231975242496, 0.7912943959236145], "loss_8": [0.5449372115544975, 0.530441403388977, 0.539256745018065], "accuracy_8": [0.792720090597868, 0.7950798142701387, 0.7958923885598779], "loss_9": [0.5935384025797248, 0.5586216333322227, 0.5292776552960277], "accuracy_9": [0.7763377670198679, 0.7921010898426175, 0.7973450170829892], "loss_10": [0.6038762526586652, 0.5725202080793679, 0.5289834882132709, 0.5820252527482808], "accuracy_10": [0.7695794617757201, 0.7879677414894104, 0.7949859509244561, 0.7748198071494699]}