{"epoch_count": 10, "loss_1": [0.6524412631988525], "accuracy_1": [0.6292022109031677], "loss_2": [0.6491254806518555], "accuracy_2": [0.6311691612005234], "loss_3": [0.6466030329465866], "accuracy_3": [0.631850329041481], "loss_4": [0.6180108830332756], "accuracy_4": [0.6552842885255814], "loss_5": [0.5981239348649978], "accuracy_5": [0.6853506565093994], "loss_6": [0.5562277033925056], "accuracy_6": [0.7242605179548264], "loss_7": [0.5300839886069297], "accuracy_7": [0.7592972815036774], "loss_8": [0.492669278383255], "accuracy_8": [0.7993352860212326], "loss_9": [0.4686666399240494], "accuracy_9": [0.8282001197338105], "loss_10": [0.4307095900177956], "accuracy_10": [0.8597243428230286]}