{"epoch_count": 10, "loss_1": [0.6835829079151153, 0.6845672450959682, 0.673771546036005], "accuracy_1": [0.6075442120432853, 0.6250911757349968, 0.617579685896635], "loss_2": [0.6711599871516227, 0.6577377200126648, 0.648789768666029, 0.6075821038335562], "accuracy_2": [0.6149958275258541, 0.6314793407917023, 0.629510098695755, 0.6783013261854649], "loss_3": [0.5904086969792843, 0.522339153662324, 0.46070413291454315], "accuracy_3": [0.6844500869512558, 0.7410750776529312, 0.8080854006111622], "loss_4": [0.44988561384379866, 0.4393761668354273, 0.4346561886370182, 0.4603707522153854], "accuracy_4": [0.8300246968865395, 0.8481099158525467, 0.8480662710964679, 0.8273121647536754], "loss_5": [0.4216523259878159, 0.4367671746760607, 0.4156700152903795, 0.5148745905607939], "accuracy_5": [0.8693828523159027, 0.8594390273094177, 0.8736457385122776, 0.8218787670135498], "loss_6": [0.43456620909273624, 0.42494659759104253, 0.42457470707595346], "accuracy_6": [0.858006939291954, 0.8720959931612015, 0.8699154116213321], "loss_7": [0.42561485692858697, 0.4573813084512949, 0.42681006118655207, 0.43019369840621946], "accuracy_7": [0.8681711450219154, 0.8579734914004803, 0.8727449558675289, 0.8687723837792873], "loss_8": [0.4189829360693693, 0.44775773026049137, 0.44295208267867564], "accuracy_8": [0.8746931992471219, 0.8614935450255871, 0.8645817533135414], "loss_9": [0.4858055241405964, 0.42593483850359914, 0.4814661622047424, 0.45173667222261427], "accuracy_9": [0.8366216860711575, 0.8700063079595566, 0.8422474801540375, 0.8598610758781433], "loss_10": [0.4677973736077547, 0.4763288054615259, 0.4334366336464882, 0.4929335586726665, 0.6026366978883744], "accuracy_10": [0.843968142569065, 0.8458242990076542, 0.8673478610813617, 0.8301367267966271, 0.7850888192653656]}