{"epoch_count": 10, "loss_1": [0.6930810440989101], "accuracy_1": [0.6005421456168679], "loss_2": [0.7054171965402716, 0.6819571133922128], "accuracy_2": [0.6025919475976158, 0.607659951728933], "loss_3": [0.6708970245193032], "accuracy_3": [0.6213926445035374], "loss_4": [0.6875713599078795, 0.6485304700977662], "accuracy_4": [0.643227706937229, 0.6680465007529539], "loss_5": [0.6134504386607338], "accuracy_5": [0.698493184412227], "loss_6": [0.637252778691404, 0.5927321691723431], "accuracy_6": [0.7178088373997632, 0.7254143059253693], "loss_7": [0.6053943634033203], "accuracy_7": [0.7399051189422607], "loss_8": [0.7142921686172485, 0.6110670645447338], "accuracy_8": [0.7183640494066126, 0.7374774042297813], "loss_9": [0.677508558420574], "accuracy_9": [0.7356557022122776], "loss_10": [0.7985855121822918, 0.6589657120844897, 0.6929228051620371], "accuracy_10": [0.7025654771748711, 0.7337625868180219, 0.7283961264526143]}