{"epoch_count": 10, "loss_1": [0.6974156748416812], "accuracy_1": [0.6018417061761369], "loss_2": [0.6828869927761166, 0.6721556727276292], "accuracy_2": [0.6070066191429315, 0.6171324960021085], "loss_3": [0.6609732113605322, 0.704289184753285], "accuracy_3": [0.6350653171539307, 0.6520434742750123], "loss_4": [0.5791380641072296, 0.5393550049426944], "accuracy_4": [0.7017276384109674, 0.7431946050289066], "loss_5": [0.518073974653732, 0.5281343127405921], "accuracy_5": [0.7767269140066102, 0.8009881945543511], "loss_6": [0.5034236027750858, 0.5301149633041647], "accuracy_6": [0.8151131230731343, 0.808815274127694], "loss_7": [0.490836956473284, 0.5352107979530512], "accuracy_7": [0.8311727975690087, 0.804428729900094], "loss_8": [0.4747785101103228, 0.5057726758857106], "accuracy_8": [0.8367672964583995, 0.8206589554631433], "loss_9": [0.47761137887488964, 0.5205126501793085], "accuracy_9": [0.8398072650266248, 0.8174285278763882], "loss_10": [0.48420632855836737, 0.5278586377931196], "accuracy_10": [0.8342483514963195, 0.8178605977879014]}