{"epoch_count": 10, "loss_1": [0.6926404999904945, 0.6878104727776324], "accuracy_1": [0.6005155141236352, 0.6060103637273194], "loss_2": [0.6828159543334461, 0.6780432531091033, 0.6525161149071865], "accuracy_2": [0.60674714260414, 0.6114656055559877, 0.6285715054293148], "loss_3": [0.621899702021333, 0.5740477315715102], "accuracy_3": [0.6571821267487573, 0.6954063274821297], "loss_4": [0.4999354452383323, 0.4962587659476233, 0.4906389625346074], "accuracy_4": [0.7678383774444705, 0.7794463468379662, 0.8026263137332729], "loss_5": [0.5295215219747825, 0.5133792186369661, 0.5057333805521981], "accuracy_5": [0.798565149307251, 0.8109344673938439, 0.8174054632421399], "loss_6": [0.4999080847521297, 0.5335281374024563], "accuracy_6": [0.8150216634156274, 0.8186797362859132], "loss_7": [0.5743680014962056, 0.519025729816468, 0.5422450665567742], "accuracy_7": [0.7989779505573336, 0.8162011699598344, 0.8036373804827206], "loss_8": [0.5500468709429757, 0.5267981461814193], "accuracy_8": [0.8103936549092903, 0.8212040604137983], "loss_9": [0.5921906838651563, 0.5449178370295978, 0.5940120615920083], "accuracy_9": [0.7879823446273804, 0.8040414149643945, 0.8068201854580739], "loss_10": [0.670227332681906, 0.5568914833616038, 0.5972128153824415, 0.5920392025689609], "accuracy_10": [0.7627324501021964, 0.8020694109260059, 0.782771149619681, 0.7857401605512275]}