{"epoch_count": 10, "loss_1": [0.7034177700193917, 0.7096285434757791, 0.7111938544889775], "accuracy_1": [0.6008910333237997, 0.602652321501476, 0.6044260009032923], "loss_2": [0.6827637902120265, 0.6751871145353084, 0.654803785609036, 0.6209572513655919], "accuracy_2": [0.6070908402524343, 0.6132574503014727, 0.6278992476986676, 0.6512080438253356], "loss_3": [0.5784401879078005, 0.5699897633820046, 0.5388410909146797], "accuracy_3": [0.6889300949689818, 0.7091166784123677, 0.7521775154078879], "loss_4": [0.5344538739541682, 0.5166812648133534, 0.4716970448086901, 0.4803985364553405], "accuracy_4": [0.764688161815085, 0.7797620136563371, 0.8112671934976811, 0.8102128789192293], "loss_5": [0.47961785953219344, 0.4983691031613001, 0.4611146297396683, 0.44628916426402765], "accuracy_5": [0.8121899111968715, 0.8098840415477753, 0.8319360373950586, 0.844764934807289], "loss_6": [0.4756336797301362, 0.468363361387718, 0.46199469559076356], "accuracy_6": [0.8198626186789536, 0.8295114054912474, 0.8444429788647628], "loss_7": [0.5202170817590341, 0.47525534978727013, 0.453659086329181, 0.45692959609555034], "accuracy_7": [0.8086592613196955, 0.8244120449554629, 0.8419527607720073, 0.8428103553085793], "loss_8": [0.5407921235735823, 0.4957228193922741, 0.4478899349526661, 0.4581363270195519], "accuracy_8": [0.7997575852929092, 0.8205998067448779, 0.8483266292548761, 0.844204299333619], "loss_9": [0.5294571373520828, 0.5181487035460588, 0.4727205986656794], "accuracy_9": [0.8035061417556391, 0.8153765332408067, 0.8452774933198604], "loss_10": [0.5645111014203328, 0.5096758952954921, 0.5092363779137774, 0.4931164870901806, 0.5553862954058298], "accuracy_10": [0.7945990155382854, 0.818603589767363, 0.8164317106328359, 0.8317477601330455, 0.7960511787635524]}