{"epoch_count": 10, "loss_1": [0.7023161729176839], "accuracy_1": [0.6205825785795848], "loss_2": [0.6855920433998108], "accuracy_2": [0.6050168673197428], "loss_3": [0.6810361822446187, 0.6796386927366257], "accuracy_3": [0.6169011334578196, 0.6274773557980855], "loss_4": [0.6591699679692586], "accuracy_4": [0.635425599416097], "loss_5": [0.6413848330577214, 0.5807549595832825], "accuracy_5": [0.640690686305364, 0.6899255116780599], "loss_6": [0.540737138191859], "accuracy_6": [0.7337035874525706], "loss_7": [0.6000293314456939], "accuracy_7": [0.7474440673987071], "loss_8": [0.5602738638718923, 0.522282549738884], "accuracy_8": [0.7908604800701141, 0.7945270935694376], "loss_9": [0.5364467918872833], "accuracy_9": [0.8195646146933238], "loss_10": [0.5620033164819082, 0.5827800224224726, 0.6089054942131042], "accuracy_10": [0.8141266584396363, 0.8053372383117676, 0.8041102667649587]}