{"epoch_count": 10, "loss_1": [0.6955635713206397], "accuracy_1": [0.5988475796249177], "loss_2": [0.692481686671575, 0.6790033959680133], "accuracy_2": [0.6009410801861022, 0.6100088026788499], "loss_3": [0.6646739525927438], "accuracy_3": [0.6208673401011361], "loss_4": [0.731739299164878, 0.6163499711288346], "accuracy_4": [0.6568405810329649, 0.6645373453696569], "loss_5": [0.618332848780685, 0.5622186081277], "accuracy_5": [0.6729257189565234, 0.7153431359264586], "loss_6": [0.541101387805409], "accuracy_6": [0.7433418764008416], "loss_7": [0.576896501912011, 0.6041210376554065], "accuracy_7": [0.762456422050794, 0.7670451402664185], "loss_8": [0.5071877969635857, 0.5313786963621775], "accuracy_8": [0.7846651325623194, 0.7874559395843082], "loss_9": [0.5204893673459688], "accuracy_9": [0.802195679810312], "loss_10": [0.5708270023266474, 0.6436023174060715, 0.555621647172504], "accuracy_10": [0.7968471447626749, 0.7813726829157935, 0.7971597280767229]}