{"epoch_count": 10, "loss_1": [0.7048532553747588, 0.6816826123817294], "accuracy_1": [0.5941992729317909, 0.6098421987365273], "loss_2": [0.6916644456339818, 0.6923499890402252], "accuracy_2": [0.6010908122156181, 0.6016023100591174], "loss_3": [0.6676549829688727, 0.649561683921253], "accuracy_3": [0.6180117013407689, 0.630324174376095], "loss_4": [0.6113395568202523, 0.5568642955200345, 0.5565776123720056], "accuracy_4": [0.6605322688233619, 0.7165025040215137, 0.7309165561900419], "loss_5": [0.5602849739439347, 0.5844121651322234], "accuracy_5": [0.739665689421635, 0.7642867623590955], "loss_6": [0.5484854380289713, 0.5707109973711126], "accuracy_6": [0.7667978359203712, 0.7744830835099313], "loss_7": [0.5283151905910641, 0.5572927862990136], "accuracy_7": [0.7852249753241446, 0.7859334606750339], "loss_8": [0.8812349602287891, 0.5689132634331199, 0.6733422816968432], "accuracy_8": [0.7060322317422605, 0.785575157287074, 0.7559943304342382], "loss_9": [0.7406789169592016, 0.6788076583076926], "accuracy_9": [0.7537259260813395, 0.7527879020747017], "loss_10": [0.6506154455390631, 0.7262358899210014, 0.7201515132305669], "accuracy_10": [0.7702123324076334, 0.7422194925009036, 0.7447924987942565]}