{"epoch_count": 50, "loss_2": [1.749942077530755], "accuracy_2": [0.24561171895927852], "loss_3": [1.6913719905747309], "accuracy_3": [0.2556094610028797], "loss_5": [1.625707573360867], "accuracy_5": [0.2676602568891313], "loss_6": [1.5519949197769165], "accuracy_6": [0.28233929144011605], "loss_7": [1.4674517843458388], "accuracy_7": [0.30082108742660946], "loss_9": [1.372476836045583], "accuracy_9": [0.323918589287334], "loss_10": [1.2748071750005086], "accuracy_10": [0.35057686765988666], "loss_11": [1.1759431229697332], "accuracy_11": [0.38097714218828416], "loss_13": [1.0837653941578336], "accuracy_13": [0.4128619399335649], "loss_14": [1.0028482675552368], "accuracy_14": [0.4440673142671585], "loss_16": [0.9301359090540144], "accuracy_16": [0.47502155270841384], "loss_17": [0.871038943529129], "accuracy_17": [0.5024666157033708], "loss_18": [0.8208353817462921], "accuracy_18": [0.5275773604710897], "loss_20": [0.7776060468620725], "accuracy_20": [0.5506591068373786], "loss_21": [0.745275467634201], "accuracy_21": [0.5688856210973527], "loss_22": [0.7165164351463318], "accuracy_22": [0.5858480367395613], "loss_24": [0.6929303738805983], "accuracy_24": [0.6003239022360908], "loss_25": [0.6762586633364359], "accuracy_25": [0.6108815107080672], "loss_27": [0.6598383287588755], "accuracy_27": [0.6215573582384322], "loss_28": [0.6484119097391764], "accuracy_28": [0.6291560696230994], "loss_29": [0.639682220088111], "accuracy_29": [0.6350584692425199], "loss_31": [0.6305468612247043], "accuracy_31": [0.6413282023535835], "loss_32": [0.6265172627237108], "accuracy_32": [0.6441244747903612], "loss_33": [0.6214259730445014], "accuracy_33": [0.647685041030248], "loss_35": [0.6166007883018918], "accuracy_35": [0.6510885688993666], "loss_36": [0.6161733435259925], "accuracy_36": [0.6513908141189151], "loss_37": [0.6128145025836097], "accuracy_37": [0.6537782582971785], "loss_39": [0.6110721396075355], "accuracy_39": [0.6550220416651832], "loss_40": [0.6112835771507688], "accuracy_40": [0.6548700465096368], "loss_42": [0.6082080403963724], "accuracy_42": [0.6570741997824775], "loss_43": [0.6093335416581895], "accuracy_43": [0.6562651793162028], "loss_44": [0.6086368527677324], "accuracy_44": [0.656764417886734], "loss_46": [0.6060951418346829], "accuracy_46": [0.6585935850938162], "loss_47": [0.6085261205832163], "accuracy_47": [0.6568424801031748], "loss_48": [0.6068866385353936], "accuracy_48": [0.6580210692352719], "loss_50": [0.6061815751923455, 0.6063320438067118], "accuracy_50": [0.6585286756356558, 0.6584195031060113]}