Feature,Average Difference
p2_unf_err,0.1590150927596314
p1_unf_err,0.1542516291106856
game_victor_1,0.13768095158906873
p1_ace,0.13468017184457115
p2_ace,0.13392666336408884
serve_no,0.13388776846056766
game_victor_2,0.1338242710503035
p2_net_pt_won,0.1337670912489642
p1_net_pt_won,0.13262225969412997
winner_shot_type_B,0.13114015178798244
