Feature,Average Difference
p2_unf_err,0.15232328216312452
p2_net_pt_won,0.14623353022150695
p1_net_pt_won,0.14059327962854876
p1_unf_err,0.13613765406841413
game_victor_1,0.13439934964710845
game_victor_2,0.1291484979679808
p2_net_pt,0.1219037400013767
return_depth_D,0.11617665820242838
p2_ace,0.11499465320538729
p1_ace,0.11361126552103087
