Feature,Average Difference
p1_unf_err,0.15695739179116336
p2_unf_err,0.1537561102927564
p2_net_pt_won,0.1506720530115892
p1_net_pt_won,0.14705926370857916
game_victor_1,0.1393348441401526
game_victor_2,0.13575711060328954
p2_ace,0.1314712493801501
p1_ace,0.13001718609701313
serve_no,0.12547333910789701
return_depth_ND,0.12433281602385488
