Feature,Average Difference
p1_unf_err,0.1793967871462175
p2_unf_err,0.17404259656042506
p2_net_pt_won,0.17280904702611077
game_victor_2,0.16387108601540828
game_victor_1,0.16184460562487138
p1_net_pt_won,0.1607829886868703
p2_ace,0.159007572612074
p1_ace,0.15693783391053684
p1_break_pt_missed,0.15027517946325866
p1_break_pt,0.15016632560009321
