Feature,Average Difference
p1_unf_err,0.19699605094718525
p2_unf_err,0.16088215982348758
game_victor_2,0.15981949290324904
game_victor_1,0.15408411718262682
p2_net_pt_won,0.1481207035340626
p1_break_pt_missed,0.14728103459138298
p1_ace,0.14648367081993616
serve_width_W,0.14403218898665288
p1_break_pt,0.14334553063815011
p2_ace,0.14179597122530485
