Feature,Average Difference
p2_unf_err,0.1477748160636643
p1_unf_err,0.14483741763070587
p2_net_pt_won,0.12962627934095095
game_victor_1,0.11996439507882282
p1_net_pt_won,0.11779148426754929
game_victor_2,0.1168592685091544
serve_width_W,0.10903262677110308
p1_ace,0.1083847427876984
p2_ace,0.10827468037605284
serve_width_C,0.10758534863560905
