Feature,Average Difference
p2_unf_err,0.15856088217315034
p2_net_pt_won,0.14993871163683511
p1_unf_err,0.14011152016844122
p1_net_pt_won,0.13409840439975523
game_victor_2,0.13033221093896727
game_victor_1,0.12938911634854283
p1_ace,0.11844169892337879
return_depth_ND,0.11692591030232705
p2_ace,0.11654226770952736
game_no,0.1138563547870103
