Feature,Average Difference
p1_unf_err,0.1463196835346213
p2_unf_err,0.14560423158301217
game_victor_1,0.13655887394951485
game_victor_2,0.12991323701259633
p2_ace,0.12977301310123782
p2_net_pt_won,0.12730082199601553
p1_net_pt_won,0.12459784305087994
p1_ace,0.12201712954520566
serve_width_BC,0.1192553034090658
p1_break_pt,0.11804257061994952
