Feature,Average Difference
p2_net_pt_won,0.15990659659554005
p1_net_pt_won,0.13595270435145584
p1_unf_err,0.13252024975060006
p2_unf_err,0.12348323506622876
game_victor_2,0.11254664402915522
game_victor_1,0.10762070982755349
p1_ace,0.10586806687662442
p1_net_pt,0.10521524941941698
p2_ace,0.10499381477968969
p2_net_pt,0.10428758957487219
