Feature,Average Difference
p1_unf_err,0.18315332800369052
p1_net_pt_won,0.1694821183937563
p2_net_pt_won,0.1635469573248616
p2_unf_err,0.15945415325118464
game_victor_2,0.15818351938530115
game_victor_1,0.15479741272117412
p2_ace,0.14689944439544148
winner_shot_type_F,0.14379536060131148
p1_ace,0.1427198639859547
serve_width_W,0.1422921915135558
