Feature,Average Difference
p2_unf_err,0.16654339500778434
p1_unf_err,0.14651675696308553
game_victor_2,0.13030956238105493
game_victor_1,0.1279594483649409
p2_net_pt_won,0.12501318425342847
p1_ace,0.11387133239894302
p1_double_fault,0.11284673508760094
p1_break_pt,0.11222549830739566
p2_net_pt,0.11109241901620018
p1_break_pt_missed,0.1107808825293103
