Feature,Average Difference
p2_unf_err,0.13975929929075218
p2_net_pt_won,0.1320807643893241
p1_unf_err,0.12885218755426733
game_victor_2,0.12545893514961606
p2_ace,0.12161503616870954
p1_net_pt_won,0.12095327503565284
p1_net_pt,0.11971736451178187
serve_no,0.11505661273582114
winner_shot_type_0,0.11470597016465182
serve_depth_NCTL,0.11457216516137123
