Feature,Average Difference
p2_unf_err,0.22081705040641522
p2_net_pt_won,0.20947300812523617
p1_unf_err,0.20833179434467305
game_victor_2,0.20697491492487882
game_victor_1,0.204973264599317
p2_net_pt,0.19758627781154292
serve_depth_CTL,0.1972566539029542
winner_shot_type_0,0.19696598899795817
p1_net_pt_won,0.19683436833910248
p2_ace,0.1957081434562018
