Feature,Average Difference
p1_unf_err,0.1784642558666793
p2_unf_err,0.14900106564435092
p2_net_pt_won,0.12700267668881202
game_victor_2,0.12231358639895919
game_victor_1,0.11964156168292871
p1_net_pt_won,0.11819558653777298
p1_ace,0.11522296321121131
game_no,0.11265580805458807
return_depth_D,0.11253268558464269
p1_break_pt_missed,0.11205698138475419
