Feature,Average Difference
p1_unf_err,0.1662209884274796
p2_net_pt_won,0.16415864975157993
p2_unf_err,0.16323163746126806
game_victor_2,0.1631580129574356
p1_net_pt_won,0.15882718312576508
game_victor_1,0.1533721169266087
p1_ace,0.1444807491422328
serve_width_BW,0.13987288637232623
p2_ace,0.13900457523505103
return_depth_D,0.1381528287093683
