Feature,Average Difference
p2_unf_err,0.17881187313179459
p1_unf_err,0.17797238529078277
game_victor_2,0.16977497665605076
p2_ace,0.166699780803611
game_victor_1,0.1652916938241379
p1_ace,0.152157136797905
p1_net_pt_won,0.15102776484170433
serve_no,0.1485271315514482
serve_width_C,0.14777986894540948
p2_net_pt_won,0.14711404844698775
