Feature,Average Difference
p2_net_pt_won,0.17445283002438267
p1_unf_err,0.16184979294693394
p1_net_pt_won,0.15833044027757937
p2_unf_err,0.15535112736914014
game_victor_2,0.14464707971526286
game_victor_1,0.14008672757498067
p1_ace,0.13915903819216643
p2_net_pt,0.1348728907307865
p2_ace,0.13309824123922315
p1_net_pt,0.13217337582007013
