Feature,Average Difference
p1_unf_err,0.14742125093158504
p2_unf_err,0.13474283976786178
p1_net_pt_won,0.13346534788942163
p2_ace,0.12776875142286076
game_victor_1,0.1268940468165857
game_victor_2,0.124420995988063
p1_ace,0.12399904668442352
serve_width_B,0.12190087726200698
serve_width_C,0.12037699162515246
p1_net_pt,0.11959764166776816
