Feature,Average Difference
p1_unf_err,0.18520636194088355
p2_unf_err,0.16167139989977822
p2_net_pt_won,0.15068829946536966
game_victor_1,0.14399191498558253
p1_ace,0.14310256710077857
p1_net_pt_won,0.13933969682914782
game_victor_2,0.13914051078735518
p2_ace,0.13783209860760798
p1_break_pt_missed,0.1378124347943416
serve_width_B,0.13645233551119554
