Feature,Average Difference
p1_net_pt_won,0.12287488241217286
p2_unf_err,0.12206517077013375
p2_net_pt_won,0.12067640078252062
p1_unf_err,0.12006085045429182
p1_ace,0.11767981903019874
game_victor_2,0.11485537408289119
game_victor_1,0.1101865363059077
p2_ace,0.10684501775371623
serve_width_B,0.09709032342822822
serve_no,0.09709017774078259
