Feature,Average Difference
p2_net_pt_won,0.1851204237180911
p2_unf_err,0.17517135611470835
p1_unf_err,0.1464950922097045
p1_net_pt_won,0.14418989365230553
game_victor_1,0.14207333873681446
game_victor_2,0.1414764212442125
p2_net_pt,0.1341192380260722
p1_ace,0.13222364518147559
p2_ace,0.1297101500170466
p1_net_pt,0.12651615324533647
