Feature,Average Difference
p2_unf_err,0.14851845418772017
p1_unf_err,0.13383744585856866
game_victor_1,0.12929498090107047
p1_net_pt_won,0.12758541812971586
p2_net_pt_won,0.12325612801682433
game_victor_2,0.12323995590157492
p2_ace,0.1155774229875123
serve_width_BW,0.1119227805935686
return_depth_D,0.11133837644448023
return_depth_ND,0.11093894744667929
