Feature,Average Difference
p2_unf_err,0.17010072106078497
p1_unf_err,0.15502874355818805
p1_net_pt_won,0.15296253264691706
game_victor_2,0.14799829466796638
game_victor_1,0.14708420071584077
p1_ace,0.14027105177479304
p2_ace,0.13936496024849404
p2_net_pt_won,0.1389095141927698
winner_shot_type_B,0.13524629525951487
serve_depth_CTL,0.13520533360392598
