Feature,Average Difference
p2_unf_err,0.16704014318684737
p2_net_pt_won,0.160816376172627
p1_unf_err,0.15719936857186256
game_victor_1,0.14559613099507987
game_victor_2,0.14499996603280305
p1_net_pt_won,0.14052130137880645
p2_ace,0.1398404927731802
p1_ace,0.13790259671397506
p2_net_pt,0.13234894887792564
p1_net_pt,0.13154949893616139
