Feature,Average Difference
p2_net_pt_won,0.20876735303518845
p1_unf_err,0.17824496767676337
p1_net_pt_won,0.17066909031428654
p2_unf_err,0.16245065378185747
p1_ace,0.15892530733012944
serve_width_BW,0.1568781635796266
game_victor_1,0.1560843037441373
game_victor_2,0.15432638117064046
serve_width_BC,0.15389872599505527
serve_no,0.15271098068513872
