Feature,Average Difference
p1_net_pt_won,0.14695631072801704
p2_unf_err,0.1461893773263357
p1_unf_err,0.14355294519907558
game_victor_2,0.1387414128017411
game_victor_1,0.13450529575073983
p2_net_pt_won,0.12831094093876433
p2_ace,0.12142429372259214
p1_ace,0.12079169527244041
serve_depth_CTL,0.12014776937955733
p1_net_pt,0.11998895284281495
