Feature,Average Difference
p2_unf_err,0.1230269490611306
p1_unf_err,0.10975727282177095
p2_net_pt_won,0.09609019812804481
game_victor_1,0.08669913387484297
game_victor_2,0.08323250962338392
p2_ace,0.0829686420010707
p1_net_pt_won,0.08004749650992345
winner_shot_type_F,0.0764569639518459
p2_net_pt,0.0753949708672854
serve_width_W,0.07511321547653979
