Feature,Average Difference
p1_unf_err,0.1705123684675751
p2_unf_err,0.15988852859971056
game_victor_2,0.13921882064265767
p2_net_pt_won,0.13277320206433002
game_victor_1,0.13104593927810293
p2_ace,0.1286013005267896
p1_ace,0.12702355192539225
winner_shot_type_F,0.1250643691728394
serve_width_W,0.12480418846501921
p2_break_pt_won,0.12410951835621975
