Feature,Average Difference
p2_net_pt_won,0.18774883610434842
p1_net_pt_won,0.16847949249248617
p1_unf_err,0.16844725778454483
p2_unf_err,0.16763646261089094
game_victor_1,0.15667094157479383
game_victor_2,0.15442219122985032
p2_net_pt,0.1411067014194365
p1_ace,0.1399617161462894
p2_ace,0.13993709794775752
p1_break_pt_missed,0.1368611065582886
