Feature,Average Difference
p2_unf_err,0.12678875407247348
p2_net_pt_won,0.11323505237178746
p1_unf_err,0.11096557995391101
game_victor_1,0.0961363419904843
p2_ace,0.09441957824769641
p1_ace,0.09193583991190837
game_victor_2,0.08613342786886435
p1_net_pt_won,0.08474534883618703
serve_no,0.08314744568711449
p2_net_pt,0.08056322995342256
